{"min": [-0.600333, -0.810008, -0.472354], "max": [0.576407, 0.709025, 0.646984]}