{"min": [-0.395896, -0.726916, -0.43669], "max": [0.404935, 0.613373, 0.604928]}