{"min": [-0.515635, -0.860005, -0.415086], "max": [0.520869, 0.763868, 0.547827]}