{"min": [-0.360684, -0.930837, -0.234007], "max": [0.367792, 0.906347, 0.223627]}