{"min": [-0.466822, -0.846885, -0.243451], "max": [0.513934, 0.852062, 0.272467]}