{"min": [-0.562962, -0.806381, -0.291388], "max": [0.568553, 0.797341, 0.303836]}